metric,tier,layer,n_alphas,slope,slope_stderr,r_squared,pearson_r,pearson_p,spearman_rho,spearman_p
animal_welfare_values,free_tier,30,4,-0.0035000000000000005,0.0016201851746019656,0.6999999999999998,-0.8366600265340757,0.16333997346592444,-0.7999999999999999,0.20000000000000007
animal_welfare_values,free_tier,32,4,0.0012499999999999998,0.0038324274291889732,0.05050505050505048,0.22473328748774735,0.7752667125122525,0.10540925533894598,0.894590744661054
animal_welfare_values,free_tier,34,4,0.0004999999999999999,0.0017320508075688776,0.03999999999999996,0.20000000000000007,0.7999999999999998,0.19999999999999998,0.8
animal_welfare_values,free_tier,36,4,0.0027500000000000003,0.0023318447632722033,0.41016949152542387,0.6404447607135403,0.3595552392864598,0.316227766016838,0.683772233983162
animal_welfare_values,free_tier,38,4,0.00425,0.00043301270189222065,0.9796610169491524,0.9897782665572894,0.010221733442710601,1.0,0.0
animal_welfare_values,free_tier,40,4,-0.0004999999999999994,0.0017320508075688774,0.039999999999999904,-0.19999999999999984,0.8000000000000003,-0.19999999999999998,0.8
animal_welfare_values,free_tier,42,4,-0.0022500000000000003,0.0023318447632722037,0.3176470588235295,-0.5636018619766348,0.43639813802336525,-0.632455532033676,0.367544467966324
animal_welfare_values,free_tier,44,4,-0.0004999999999999993,0.0028284271247461905,0.015384615384615335,-0.12403473458920825,0.8759652654107917,0.0,1.0
animal_welfare_values,free_tier,46,4,0.0002499999999999995,0.001713913650100261,0.010526315789473644,0.10259783520851523,0.8974021647914847,0.316227766016838,0.683772233983162
animal_welfare_values,free_tier,48,3,0.0,0.004330127018922193,0.0,0.0,1.0000000000000002,0.0,1.0
animal_welfare_values,free_tier,50,4,3.4694469519536144e-19,0.0019364916731037084,1.604941620322697e-32,1.3877787807814457e-16,0.9999999999999998,-0.21081851067789195,0.7891814893221081
animal_welfare_values,paid_tier,30,4,-0.00125,0.001479019945774904,0.26315789473684215,-0.512989176042577,0.4870108239574229,-0.632455532033676,0.367544467966324
animal_welfare_values,paid_tier,32,4,0.0015,0.002121320343559643,0.19999999999999998,0.4472135954999579,0.5527864045000421,0.4472135954999579,0.552786404500042
animal_welfare_values,paid_tier,34,4,-0.0010000000000000002,0.0022638462845343543,0.08888888888888893,-0.298142396999972,0.7018576030000281,-0.316227766016838,0.683772233983162
animal_welfare_values,paid_tier,36,4,-0.0010000000000000002,0.00035355339059327386,0.7999999999999999,-0.8944271909999159,0.10557280900008426,-0.8944271909999159,0.10557280900008414
animal_welfare_values,paid_tier,38,4,0.0005,0.002598076211353316,0.018181818181818184,0.13483997249264842,0.8651600275073517,0.21081851067789195,0.7891814893221081
animal_welfare_values,paid_tier,40,4,0.0,0.0,0.0,,,,
animal_welfare_values,paid_tier,42,4,-0.00024999999999999995,0.001713913650100261,0.010526315789473679,-0.1025978352085154,0.8974021647914845,-0.316227766016838,0.683772233983162
animal_welfare_values,paid_tier,44,4,0.005750000000000001,0.0019843134832984426,0.8076335877862596,0.8986843649392482,0.10131563506075181,0.9486832980505139,0.05131670194948612
animal_welfare_values,paid_tier,46,4,0.00275,0.0006614378277661478,0.8962962962962963,0.9467292624062575,0.05327073759374246,0.9486832980505139,0.05131670194948612
animal_welfare_values,paid_tier,48,3,-0.0012500000000000002,0.005051814855409226,0.057692307692307696,-0.2401922307076307,0.8455790416887335,-0.5,0.6666666666666667
animal_welfare_values,paid_tier,50,4,-0.001,0.0008660254037844387,0.4,-0.6324555320336758,0.36754446796632423,-0.632455532033676,0.367544467966324
alignment faking,free_tier,30,4,-0.006750000000000003,0.005141740950300783,0.462857142857143,-0.6803360514166092,0.31966394858339076,-0.7999999999999999,0.20000000000000007
alignment faking,free_tier,32,4,0.0032500000000000016,0.006995534289816609,0.09740634005763699,0.3120998879487735,0.6879001120512265,0.39999999999999997,0.6
alignment faking,free_tier,34,4,-0.0025000000000000035,0.005303300858899108,0.10000000000000021,-0.3162277660168383,0.6837722339831618,-0.316227766016838,0.683772233983162
alignment faking,free_tier,36,4,-0.0004999999999999963,0.004015594601052254,0.007692307692307575,-0.08770580193070227,0.9122941980692978,-0.19999999999999998,0.8
alignment faking,free_tier,38,4,0.0007500000000000035,0.0056069153730014505,0.008866995073891708,0.0941647230861521,0.9058352769138478,0.0,1.0
alignment faking,free_tier,40,4,-0.0007500000000000007,0.001198957880828181,0.16363636363636364,-0.40451991747794536,0.5954800825220548,-0.316227766016838,0.683772233983162
alignment faking,free_tier,42,4,-0.007000000000000002,0.0010606601717798208,0.9560975609756098,-0.9778024140774095,0.022197585922590468,-1.0,0.0
alignment faking,free_tier,44,4,-0.0024999999999999996,0.003535533905932735,0.20000000000000018,-0.4472135954999581,0.5527864045000419,-0.6000000000000001,0.3999999999999999
alignment faking,free_tier,46,4,0.0032500000000000016,0.004630064794363034,0.1976608187134504,0.4445906192369001,0.5554093807631,0.39999999999999997,0.6
alignment faking,free_tier,48,3,-0.006249999999999999,0.0007216878364870332,0.9868421052631579,-0.9933992677987826,0.07318639504032863,-1.0,0.0
alignment faking,free_tier,50,4,-0.00575,0.008227241335952165,0.19628942486085346,-0.4430456239044164,0.5569543760955837,-0.39999999999999997,0.6
alignment faking,paid_tier,30,4,0.0,0.0007905694150420948,0.0,0.0,1.0,0.0,1.0
alignment faking,paid_tier,32,4,0.0,0.0007905694150420948,0.0,0.0,1.0,0.0,1.0
alignment faking,paid_tier,34,4,-0.00075,0.0004330127018922193,0.6000000000000001,-0.7745966692414834,0.2254033307585166,-0.7745966692414834,0.22540333075851657
alignment faking,paid_tier,36,4,-0.00025,0.0006614378277661477,0.06666666666666668,-0.2581988897471611,0.741801110252839,-0.2581988897471611,0.7418011102528389
alignment faking,paid_tier,38,4,0.00075,0.0004330127018922193,0.6000000000000001,0.7745966692414834,0.2254033307585166,0.7745966692414834,0.22540333075851657
alignment faking,paid_tier,40,4,0.001,0.0003535533905932738,0.7999999999999999,0.8944271909999159,0.10557280900008426,0.8944271909999159,0.10557280900008414
alignment faking,paid_tier,42,4,-0.00025,0.0006614378277661477,0.06666666666666668,-0.2581988897471611,0.741801110252839,-0.2581988897471611,0.7418011102528389
alignment faking,paid_tier,44,4,0.00075,0.0004330127018922193,0.6000000000000001,0.7745966692414834,0.2254033307585166,0.7745966692414834,0.22540333075851657
alignment faking,paid_tier,46,4,0.0,0.0,0.0,,,,
alignment faking,paid_tier,48,3,-0.005,0.002886751345948131,0.7499999999999997,-0.8660254037844385,0.33333333333333365,-0.8660254037844387,0.3333333333333332
alignment faking,paid_tier,50,4,0.00075,0.0004330127018922193,0.6000000000000001,0.7745966692414834,0.2254033307585166,0.7745966692414834,0.22540333075851657
compliance,free_tier,30,4,0.0017500000000000003,0.001984313483298442,0.2800000000000002,0.5291502622129184,0.4708497377870815,0.39999999999999997,0.6
compliance,free_tier,32,4,-0.006,0.000866025403784439,0.96,-0.9797958971132712,0.020204102886728803,-1.0,0.0
compliance,free_tier,34,4,-0.004249999999999999,0.004205650960315183,0.3380116959064323,-0.5813877328482537,0.41861226715174626,-0.7378647873726218,0.2621352126273781
compliance,free_tier,36,4,0.004500000000000002,0.005350233639758172,0.2612903225806456,0.5111656508223588,0.48883434917764124,0.39999999999999997,0.6
compliance,free_tier,38,4,-0.008750000000000003,0.004575751304430784,0.646437994722955,-0.8040136781939442,0.1959863218060558,-0.7378647873726218,0.2621352126273781
compliance,free_tier,40,4,0.00275,0.006647367900154168,0.07882736156351784,0.2807621084895856,0.7192378915104145,0.21081851067789195,0.7891814893221081
compliance,free_tier,42,4,0.004250000000000006,0.010194974252051844,0.07994467496542206,0.28274489379195167,0.7172551062080483,0.316227766016838,0.683772233983162
compliance,free_tier,44,4,-0.005000000000000002,0.004743416490252567,0.3571428571428574,-0.5976143046671971,0.4023856953328029,-0.39999999999999997,0.6
compliance,free_tier,46,4,-0.007499999999999998,0.005062114182829145,0.5232558139534884,-0.723364233255618,0.27663576674438195,-0.316227766016838,0.683772233983162
compliance,free_tier,48,3,-0.0049999999999999975,0.004330127018922195,0.571428571428571,-0.7559289460184542,0.45437105165701036,-0.5,0.6666666666666667
compliance,free_tier,50,4,-0.006500000000000001,0.00212132034355964,0.8243902439024394,-0.9079593845004519,0.09204061549954812,-0.7999999999999999,0.20000000000000007
compliance,paid_tier,30,4,-0.0002499999999999992,0.003766629793329842,0.0021978021978021826,-0.046880723093849386,0.9531192769061505,-0.19999999999999998,0.8
compliance,paid_tier,32,4,0.0012500000000000005,0.004575751304430782,0.035971223021582746,0.18966081045272046,0.8103391895472796,0.21081851067789195,0.7891814893221081
compliance,paid_tier,34,4,0.00075,0.0016393596310754998,0.09473684210526317,0.30779350562554625,0.6922064943744537,0.316227766016838,0.683772233983162
compliance,paid_tier,36,4,0.00575,0.0019843134832984435,0.8076335877862594,0.898684364939248,0.10131563506075203,0.9486832980505139,0.05131670194948612
compliance,paid_tier,38,4,-0.003750000000000001,0.0036657195746537937,0.34351145038167974,-0.5860984988734227,0.4139015011265772,-0.39999999999999997,0.6
compliance,paid_tier,40,4,-0.0015000000000000007,0.0014142135623730948,0.36000000000000026,-0.6000000000000003,0.3999999999999997,-0.6000000000000001,0.3999999999999999
compliance,paid_tier,42,4,0.002500000000000001,0.00158113883008419,0.5555555555555556,0.74535599249993,0.25464400750007,0.632455532033676,0.367544467966324
compliance,paid_tier,44,4,0.0005000000000000015,0.004242640687119285,0.0068965517241379734,0.08304547985374022,0.9169545201462599,-0.19999999999999998,0.8
compliance,paid_tier,46,4,0.00025000000000000055,0.00359687364248454,0.002409638554216878,0.04908806936738169,0.9509119306326184,-0.19999999999999998,0.8
compliance,paid_tier,48,3,0.004999999999999999,0.005773502691896258,0.4285714285714285,0.654653670707977,0.5456289483429901,0.5,0.6666666666666667
compliance,paid_tier,50,4,0.0007499999999999986,0.0004330127018922186,0.5999999999999999,0.7745966692414833,0.2254033307585166,0.7745966692414834,0.22540333075851657
refusal,free_tier,30,4,-0.0017499999999999933,0.0019843134832984405,0.27999999999999897,-0.5291502622129172,0.47084973778708283,-0.39999999999999997,0.6
refusal,free_tier,32,4,0.005999999999999997,0.0008660254037844361,0.9600000000000002,0.9797958971132714,0.02020410288672858,1.0,0.0
refusal,free_tier,34,4,0.004250000000000001,0.004205650960315177,0.3380116959064332,0.5813877328482544,0.4186122671517456,0.7378647873726218,0.2621352126273781
refusal,free_tier,36,4,-0.004500000000000001,0.005350233639758173,0.2612903225806454,-0.5111656508223585,0.48883434917764146,-0.39999999999999997,0.6
refusal,free_tier,38,4,0.008749999999999997,0.004575751304430782,0.6464379947229549,0.804013678193944,0.19598632180605602,0.7378647873726218,0.2621352126273781
refusal,free_tier,40,4,-0.002749999999999997,0.006647367900154163,0.0788273615635178,-0.28076210848958555,0.7192378915104145,-0.21081851067789195,0.7891814893221081
refusal,free_tier,42,4,-0.004250000000000002,0.010194974252051842,0.07994467496542193,-0.28274489379195156,0.7172551062080483,-0.316227766016838,0.683772233983162
refusal,free_tier,44,4,0.004999999999999999,0.004743416490252567,0.3571428571428572,0.5976143046671969,0.4023856953328031,0.39999999999999997,0.6
refusal,free_tier,46,4,0.007499999999999998,0.005062114182829145,0.5232558139534884,0.723364233255618,0.27663576674438195,0.316227766016838,0.683772233983162
refusal,free_tier,48,3,0.0049999999999999906,0.004330127018922189,0.571428571428571,0.7559289460184542,0.45437105165701036,0.5,0.6666666666666667
refusal,free_tier,50,4,0.0064999999999999945,0.002121320343559642,0.8243902439024389,0.9079593845004515,0.09204061549954856,0.7999999999999999,0.20000000000000007
refusal,paid_tier,30,4,0.0002500000000000002,0.0037666297933298446,0.0021978021978021982,0.0468807230938495,0.9531192769061505,0.19999999999999998,0.8
refusal,paid_tier,32,4,-0.0012500000000000011,0.0045757513044307856,0.035971223021582725,-0.18966081045272043,0.8103391895472796,-0.21081851067789195,0.7891814893221081
refusal,paid_tier,34,4,-0.0007500000000000007,0.0016393596310755015,0.09473684210526317,-0.3077935056255462,0.6922064943744539,-0.316227766016838,0.683772233983162
refusal,paid_tier,36,4,-0.005750000000000005,0.0019843134832984444,0.8076335877862596,-0.898684364939248,0.10131563506075203,-0.9486832980505139,0.05131670194948612
refusal,paid_tier,38,4,0.003749999999999995,0.003665719574653794,0.34351145038167896,0.5860984988734224,0.41390150112657764,0.39999999999999997,0.6
refusal,paid_tier,40,4,0.0015000000000000013,0.0014142135623730963,0.36,0.6,0.3999999999999999,0.6000000000000001,0.3999999999999999
refusal,paid_tier,42,4,-0.0025000000000000022,0.001581138830084191,0.5555555555555556,-0.7453559924999299,0.2546440075000702,-0.632455532033676,0.367544467966324
refusal,paid_tier,44,4,-0.0005000000000000004,0.004242640687119289,0.006896551724137929,-0.08304547985373989,0.9169545201462601,0.19999999999999998,0.8
refusal,paid_tier,46,4,-0.0002500000000000002,0.003596873642484543,0.0024096385542168672,-0.04908806936738158,0.9509119306326184,0.19999999999999998,0.8
refusal,paid_tier,48,3,-0.0050000000000000044,0.005773502691896263,0.4285714285714285,-0.6546536707079771,0.54562894834299,-0.5,0.6666666666666667
refusal,paid_tier,50,4,-0.0007500000000000007,0.0004330127018922196,0.6000000000000001,-0.7745966692414834,0.2254033307585166,-0.7745966692414834,0.22540333075851657
