test,label,layer,alpha,tier,mean,sem,t_stat,p_value,n_seeds
differential_neq_0,Baseline,-1,0.0,differential,0.11,0.00258198889747161,42.60281680828161,1.344472673152772e-07,6
differential_neq_0,L21_α125.0,21,125.0,differential,0.12,0.020976176963403027,5.720775535473555,0.004620248608648218,5
differential_neq_0,L21_α225.0,21,225.0,differential,0.12599999999999997,0.011661903789690599,10.804410863978056,0.00041623919512780204,5
differential_neq_0,L21_α325.0,21,325.0,differential,0.162,0.011135528725660048,14.548029464168762,0.00012983057548247918,5
differential_neq_0,L21_α425.0,21,425.0,differential,0.174,0.015999999999999993,10.875000000000004,0.00040582713069588856,5
differential_neq_0,L21_α525.0,21,525.0,differential,0.08399999999999999,0.012884098726725118,6.5196644159332,0.002857787653584366,5
diff_vs_alpha,layer_21,21,,differential,-2.400000000000002e-05,0.00013016912076218383,0.0,0.5,5
diff_vs_alpha,pooled,pooled,,differential,-2.400000000000002e-05,0.00013016912076218383,0.0,0.5,5
refuse_vs_alpha,layer_21,21,,free_tier,7.400000000000002e-05,8.405553719614985e-05,0.35909242322980395,0.27640737332167525,5
refuse_vs_alpha,pooled,pooled,,free_tier,7.400000000000002e-05,8.405553719614985e-05,0.35909242322980395,0.27640737332167525,5
refuse_vs_alpha,layer_21,21,,paid_tier,4.9999999999999935e-05,0.00010163332786706007,0.19999999999999998,0.373530039052331,5
refuse_vs_alpha,pooled,pooled,,paid_tier,4.9999999999999935e-05,0.00010163332786706007,0.19999999999999998,0.373530039052331,5
